ASDA,,,,,,,,,,,,,,,,,,,,,,,,,,,,,,,,,,,,,,,,,,,,,,,,,,,,,,,,,,,,,,,,,,,,,,,,,,,,,,,,,,,,,,,,,,,,,,,,,
All,information,provided,by,you,on,activating,your,Mobile,card,as,part,of,your,use,of,the,services,and,should,you,choose,to,register,your,use,of,your,Mobile,number,with,us,,,,,,,,,,,,,,,,,,,,,,,,,,,,,,,,,,,,,,,,,,,,,,,,,,,,,,,,,,,,,,,,,,
Information,obtained,from,third,party,sources,such,as,our,"suppliers,",marketing,organisations,or,credit,reference,agencies,,,,,,,,,,,,,,,,,,,,,,,,,,,,,,,,,,,,,,,,,,,,,,,,,,,,,,,,,,,,,,,,,,,,,,,,,,,,,,,,,,
If,you,have,special,needs,we,may,process,sensitive,personal,data,about,your,health,where,you,have,advised,us,of,those,special,needs,,,,,,,,,,,,,,,,,,,,,,,,,,,,,,,,,,,,,,,,,,,,,,,,,,,,,,,,,,,,,,,,,,,,,,,,,,,
Information,provided,by,you,about,another,person,It,is,your,responsibility,to,ensure,that,the,other,individual,is,aware,and,has,agreed,to,you,passing,on,such,information,to,us,or,our,partner,EE,,,,,,,,,,,,,,,,,,,,,,,,,,,,,,,,,,,,,,,,,,,,,,,,,,,,,,,,,,,,,,,,
Passed,onto,our,partner,EE,to,assist,them,in,running,the,Network,and,providing,the,services,whether,that,use,is,direct,or,indirect,,,,,,,,,,,,,,,,,,,,,,,,,,,,,,,,,,,,,,,,,,,,,,,,,,,,,,,,,,,,,,,,,,,,,,,,,,,
We,or,other,members,of,the,ASDA,group,of,companies,will,use,your,information,to,send,you,marketing,messages,about,our,"products,",services,special,offers,discounts,and,awards,by,post,telephone,and,other,electronic,messaging,services,such,as,sms,mms,or,video,,,,,,,,,,,,,,,,,,,,,,,,,,,,,,,,,,,,,,,,,,,,,,,,,,,,,,,,
We,may,share,your,information,with,our,companies,in,the,Wal-Mart,Group,some,of,which,are,based,outside,the,European,Union,who,may,use,your,information,for,the,purposes,set,out,above,and,who,are,subject,to,Wal-Mart,policies,on,data,protection,and,security,,,,,,,,,,,,,,,,,,,,,,,,,,,,,,,,,,,,,,,,,,,,,,,,,,,,,,
We,may,also,pass,your,personal,data,to,certain,third,parties,,,,,,,,,,,,,,,,,,,,,,,,,,,,,,,,,,,,,,,,,,,,,,,,,,,,,,,,,,,,,,,,,,,,,,,,,,,,,,,,,,,,,,,
 If,you,wish,to,use,our,products,or,services,abroad,for,"example,",if,you,wish,to,roam,on,a,network,abroad,it,may,be,necessary,to,transfer,your,information,outside,of,the,European,Union,to,that,country,,,,,,,,,,,,,,,,,,,,,,,,,,,,,,,,,,,,,,,,,,,,,,,,,,,,,,,,,,,,,
Therefore,by,using,your,Mobile,you,consent,to,your,personal,data,being,shared,with,EE,and,any,of,the,companies,within,the,EE,Group,,,,,,,,,,,,,,,,,,,,,,,,,,,,,,,,,,,,,,,,,,,,,,,,,,,,,,,,,,,,,,,,,,,,,,,,,,
This,privacy,policy,describes,stores,how,we,use,your,personal,information,which,may,be,collected,when,you,use,the,ASDA,Free,WiFi,Service.,This,Service,is,run,on,ASDA’s,behalf,by,BT,,,,,,,,,,,,,,,,,,,,,,,,,,,,,,,,,,,,,,,,,,,,,,,,,,,,,,,,,,,,,,,,,,
When,you,use,the,WiFi,Service,the,following,Personal,Information,will,be,collected,from,you,or,your,mobile,phone,tablet,or,other,device,,,,,,,,,,,,,,,,,,,,,,,,,,,,,,,,,,,,,,,,,,,,,,,,,,,,,,,,,,,,,,,,,,,,,,,,,,,
We,will,use,this,Personal,Information,to,deliver,the,ASDA,Free,WiFi,Service,including,troubleshooting,services,and,for,the,purposes,described,below,,,,,,,,,,,,,,,,,,,,,,,,,,,,,,,,,,,,,,,,,,,,,,,,,,,,,,,,,,,,,,,,,,,,,,,,,,,,
We,may,use,your,Personal,Information,to,inform,you,by,letter,phone,SMS,email,or,"otherwise,",about,special,offers,and,products,and,services,that,we,think,may,be,of,interest,to,you,,,,,,,,,,,,,,,,,,,,,,,,,,,,,,,,,,,,,,,,,,,,,,,,,,,,,,,,,,,,,,,,,,
From,time,to,time,we,may,also,use,your,Personal,Information,to,contact,you,for,market,research,purpose,,,,,,,,,,,,,,,,,,,,,,,,,,,,,,,,,,,,,,,,,,,,,,,,,,,,,,,,,,,,,,,,,,,,,,,,,,,,,,,,
We,need,to,share,your,Personal,Information,with,BT,in,order,to,provide,the,ASDA,Free,WIFI,service,,,,,,,,,,,,,,,,,,,,,,,,,,,,,,,,,,,,,,,,,,,,,,,,,,,,,,,,,,,,,,,,,,,,,,,,,,,,,,,,
We,may,need,to,share,it,with,our,advisors,and,appropriate,third,parties,for,the,purposes,of,fraud,prevention,or,if,ASDA,itself,or,any,of,our,business,is,bought,or,sold,,,,,,,,,,,,,,,,,,,,,,,,,,,,,,,,,,,,,,,,,,,,,,,,,,,,,,,,,,,,,,,,,,
We,may,also,be,required,by,law,to,share,it,with,police,or,government,agencies,for,crime,prevention,and,detection,and,for,national,security,purposes,,,,,,,,,,,,,,,,,,,,,,,,,,,,,,,,,,,,,,,,,,,,,,,,,,,,,,,,,,,,,,,,,,,,,,,,,
However,we,may,be,obliged,by,law,to,store,your,communications,and,Personal,Information,including,activity,logs,,,,,,,,,,,,,,,,,,,,,,,,,,,,,,,,,,,,,,,,,,,,,,,,,,,,,,,,,,,,,,,,,,,,,,,,,,,,,,,,,
By,letting,us,have,any,sensitive,personal,data,you,expressly,consent,to,us,using,and,telling,others,about,any,of,your,sensitive,personal,data,,,,,,,,,,,,,,,,,,,,,,,,,,,,,,,,,,,,,,,,,,,,,,,,,,,,,,,,,,,,,,,,,,,,,,,,,,
When,you,visit,our,site,we,will,automatically,receive,your,IP,address,a,unique,identifier,for,your,computer,or,other,access,device,,,,,,,,,,,,,,,,,,,,,,,,,,,,,,,,,,,,,,,,,,,,,,,,,,,,,,,,,,,,,,,,,,,,,,,,,,,,
You,may,also,provide,us,with,personal,information,if,you,contact,customer,services,,,,,,,,,,,,,,,,,,,,,,,,,,,,,,,,,,,,,,,,,,,,,,,,,,,,,,,,,,,,,,,,,,,,,,,,,,,,,,,,,,,,,
We,may,share,your,information,with,third,parties,to,process,and,fulfil,your,order,to,provide,services,you,request,for,business,analysis,purposes,for,the,purposes,of,fraud,prevention,or,if,ASDA,itself,or,any,of,our,business,is,bought,or,sold,,,,,,,,,,,,,,,,,,,,,,,,,,,,,,,,,,,,,,,,,,,,,,,,,,,,,,,,
In,order,to,carry,out,the,steps,set,out,above,we,may,send,your,personal,information,outside,of,the,European,Economic,Area,"and,",if,"necessary,",across,international,borders,,,,,,,,,,,,,,,,,,,,,,,,,,,,,,,,,,,,,,,,,,,,,,,,,,,,,,,,,,,,,,,,,,,,,,
EE,,,,,,,,,,,,,,,,,,,,,,,,,,,,,,,,,,,,,,,,,,,,,,,,,,,,,,,,,,,,,,,,,,,,,,,,,,,,,,,,,,,,,,,,,,,,,,,,,
We’ll,use,your,personal,information,to,provide,you,with,products,and,services,,,,,,,,,,,,,,,,,,,,,,,,,,,,,,,,,,,,,,,,,,,,,,,,,,,,,,,,,,,,,,,,,,,,,,,,,,,,,,,,,,,,,,
Record,details,about,the,products,and,services,you,use,or,order,from,us,,,,,,,,,,,,,,,,,,,,,,,,,,,,,,,,,,,,,,,,,,,,,,,,,,,,,,,,,,,,,,,,,,,,,,,,,,,,,,,,,,,,,
Charge,you,and,make,sure,your,payment,reaches,us,,,,,,,,,,,,,,,,,,,,,,,,,,,,,,,,,,,,,,,,,,,,,,,,,,,,,,,,,,,,,,,,,,,,,,,,,,,,,,,,,,,,,,,,,
Give,information,to,someone,else,,,,,,,,,,,,,,,,,,,,,,,,,,,,,,,,,,,,,,,,,,,,,,,,,,,,,,,,,,,,,,,,,,,,,,,,,,,,,,,,,,,,,,,,,,,,,
Your,payment,and,financial,information,,,,,,,,,,,,,,,,,,,,,,,,,,,,,,,,,,,,,,,,,,,,,,,,,,,,,,,,,,,,,,,,,,,,,,,,,,,,,,,,,,,,,,,,,,,,,
Information,from,cookies,placed,on,your,connected,devices,that,we,need,so,we,can,provide,a,service,,,,,,,,,,,,,,,,,,,,,,,,,,,,,,,,,,,,,,,,,,,,,,,,,,,,,,,,,,,,,,,,,,,,,,,,,,,,,,,,,
We’ll,use,your,personal,information,if,we,consider,it,is,in,our,legitimate,business,interests,so,that,we,can,operate,as,an,efficient,and,effective,business,,,,,,,,,,,,,,,,,,,,,,,,,,,,,,,,,,,,,,,,,,,,,,,,,,,,,,,,,,,,,,,,,,,,,,,,
We’ll,use,your,personal,information,to,send,you,direct,marketing,and,to,better,identify,products,and,services,that,interest,you,,,,,,,,,,,,,,,,,,,,,,,,,,,,,,,,,,,,,,,,,,,,,,,,,,,,,,,,,,,,,,,,,,,,,,,,,,,,,,
Your,payment,and,financial,information,,,,,,,,,,,,,,,,,,,,,,,,,,,,,,,,,,,,,,,,,,,,,,,,,,,,,,,,,,,,,,,,,,,,,,,,,,,,,,,,,,,,,,,,,,,,,
Details,of,the,products,and,services,you’ve,bought,and,how,you,use,them,–,including,your,call,browser,including,IP,address,and,TV,records,,,,,,,,,,,,,,,,,,,,,,,,,,,,,,,,,,,,,,,,,,,,,,,,,,,,,,,,,,,,,,,,,,,,,,,,,,
We'll,use,your,personal,information,to,create,aggregated,and,anonymised,information,,,,,,,,,,,,,,,,,,,,,,,,,,,,,,,,,,,,,,,,,,,,,,,,,,,,,,,,,,,,,,,,,,,,,,,,,,,,,,,,,,,,,,,
We'll,only,use,your,call,browser,and,some,TV,records,,,,,,,,,,,,,,,,,,,,,,,,,,,,,,,,,,,,,,,,,,,,,,,,,,,,,,,,,,,,,,,,,,,,,,,,,,,,,,,,,,,,,,,,
Provide,other,organisations,with,aggregated,and,anonymous,reports,,,,,,,,,,,,,,,,,,,,,,,,,,,,,,,,,,,,,,,,,,,,,,,,,,,,,,,,,,,,,,,,,,,,,,,,,,,,,,,,,,,,,,,,,,
Information,about,what,you,buy,from,"us,",how,you,ordered,it,and,how,you,pay,for,"it,",for,"example,",broadband,ordered,online,and,paid,for,on,a,monthly,basis,,,,,,,,,,,,,,,,,,,,,,,,,,,,,,,,,,,,,,,,,,,,,,,,,,,,,,,,,,,,,,,,,,,,,
Information,from,cookies,and,tags,placed,on,your,computer,,,,,,,,,,,,,,,,,,,,,,,,,,,,,,,,,,,,,,,,,,,,,,,,,,,,,,,,,,,,,,,,,,,,,,,,,,,,,,,,,,,,,,,,,
Details,of,the,products,and,services,you've,bought,and,how,you,use,them,including,your,call,and,browser,and,TV,records,,,,,,,,,,,,,,,,,,,,,,,,,,,,,,,,,,,,,,,,,,,,,,,,,,,,,,,,,,,,,,,,,,,,,,,,,,,,,
Share,personal,information,within,the,BT,Group,for,administrative,purposes,such,as,sharing,contact,details,so,we,can,get,in,touch,with,you,,,,,,,,,,,,,,,,,,,,,,,,,,,,,,,,,,,,,,,,,,,,,,,,,,,,,,,,,,,,,,,,,,,,,,,,,,,
We’ll,use,personal,information,you,have,given,us,together,with,information,we,have,collected,from credit,reference,agencies,the,Interactive,Media,in,Retail,Group,security,"alert,",or fraud,prevention,agencies,,,,,,,,,,,,,,,,,,,,,,,,,,,,,,,,,,,,,,,,,,,,,,,,,,,,,,,,,,,,,,,,,,,,,,
We,might,also,share,the,information,with,other,organisations,,,,,,,,,,,,,,,,,,,,,,,,,,,,,,,,,,,,,,,,,,,,,,,,,,,,,,,,,,,,,,,,,,,,,,,,,,,,,,,,,,,,,,,,,
Details,of,the,personal,information,that,will,be,used,include,your,name,address,date,of,birth,contact,details,financial,information,employment,details,and,device,identifiers,including ,IP,address,,,,,,,,,,,,,,,,,,,,,,,,,,,,,,,,,,,,,,,,,,,,,,,,,,,,,,,,,,,,,,,,,,,,,,
If,you,don’t,become,one,of,our,customers,we’ll,still,keep,the,result,of,our,credits,checks,about,you,if,we,have,a,legal,obligation,and,it’s,in,our,legitimate,interests,to,help,prevent,or,detect,fraud,,,,,,,,,,,,,,,,,,,,,,,,,,,,,,,,,,,,,,,,,,,,,,,,,,,,,,,,,,,,,
We,might,also,give,them,details,of,your,accounts,and,"bills,",including,how,you,manage,them.,This,includes,telling,them,about,your,account,balances,what,you,pay,us,and,if,you,miss,a,payment,,,,,,,,,,,,,,,,,,,,,,,,,,,,,,,,,,,,,,,,,,,,,,,,,,,,,,,,,,,,,,,,
There,are,different,credit,reference,agencies,in,the,UK,Each,one,might,hold,different,information,about,you,If,you,want,to,find,out,what,information,they,have,on,you,they,may,charge,you,a,small,fee,,,,,,,,,,,,,,,,,,,,,,,,,,,,,,,,,,,,,,,,,,,,,,,,,,,,,,,,,,,,,,
We’ll,also,share,personal,information,about,you,where,we,have,to,legally,share,it,with,another,person,,,,,,,,,,,,,,,,,,,,,,,,,,,,,,,,,,,,,,,,,,,,,,,,,,,,,,,,,,,,,,,,,,,,,,,,,,,,,,,,,
In,limited,circumstances,we,may,also,share,your,information,with,other,public,authorities,even,if,we,do,not,have,to.,,,,,,,,,,,,,,,,,,,,,,,,,,,,,,,,,,,,,,,,,,,,,,,,,,,,,,,,,,,,,,,,,,,,,,,,,,,,,,
GiffGaff,,,,,,,,,,,,,,,,,,,,,,,,,,,,,,,,,,,,,,,,,,,,,,,,,,,,,,,,,,,,,,,,,,,,,,,,,,,,,,,,,,,,,,,,,,,,,,,,,
We,may,exercise,our,discretion,using,reasonable,skill,and,"care,",to,refuse,to,provide,any,part,of,the,Service,to,you.,This,may,involve,barring,certain,numbers,from,the,Service,on,a,temporary,or,permanent,"basis,",in,circumstances,where,it,is,necessary,for,us,to,do,so,,,,,,,,,,,,,,,,,,,,,,,,,,,,,,,,,,,,,,,,,,,,,,,,,,,
Alter,the,number,of,your,mobile,phone,or,any,other,"name,",code,or,number,associated,with,the,Service,for,reasons,beyond,our,control,such,as,where,requested,to,do,so,by,a,governmental,authority,or,regulatory,body,or,where,we,reasonably,believe,that,the,alteration,will,enhance,your,use,of,the,Service.,If,this,is,the,case,we,will,give,you,reasonable,notice;,and/or,,,,,,,,,,,,,,,,,,,,,,,,,,,,,,,,,,
Temporarily,suspend,the,Service,(or,any,part,of,it,for,operational,reasons,or,in,an,emergency,or,for,your,security,,,,,,,,,,,,,,,,,,,,,,,,,,,,,,,,,,,,,,,,,,,,,,,,,,,,,,,,,,,,,,,,,,,,,,,,,,,,,,
You,may,only,use,our,services,in,the,EU,and,selected,destinations,for,periodic,travel,like,holidays,or,short,breaks,If,you’re,not,genuinely,using,our,services,for,periodic,travel,we,may,have,to,charge,you,"for,",or,suspend,you,from,using,our,services,in,the,EU,and,selected,destinations,,,,,,,,,,,,,,,,,,,,,,,,,,,,,,,,,,,,,,,,,,,,,,,,
We,may,suspend,or,terminate,your,access,to,our,services,in,the,event,that,you,breach,our,Fair,Usage,Guidelines,,,,,,,,,,,,,,,,,,,,,,,,,,,,,,,,,,,,,,,,,,,,,,,,,,,,,,,,,,,,,,,,,,,,,,,,,,,,,,
To,persistently,send,unsolicited,communications,,,,,,,,,,,,,,,,,,,,,,,,,,,,,,,,,,,,,,,,,,,,,,,,,,,,,,,,,,,,,,,,,,,,,,,,,,,,,,,,,,,,,,,,,,,,,
We,may,increase,or,decrease,the,Charges,at,any,time,(including,the,introduction,of,prices,for,aspects,of,the,Service,previously,provided,at,no,extra,cost).,Where,we,increase,the,Charges,significantly,for,the,elements,of,the,Service,you,are,using,we,will,notify,you,before,the,changes,become,effective,by,email,and/or,text,,,,,,,,,,,,,,,,,,,,,,,,,,,,,,,,,,,,,,,,,,,,
We,shall,have,no,liability,to,you,in,respect,of,any,loss,incurred,as,a,result,of,delayed,or,incorrect,airtime,credit,top-up,Auto,Top-up,or,Bundle,payment.,,,,,,,,,,,,,,,,,,,,,,,,,,,,,,,,,,,,,,,,,,,,,,,,,,,,,,,,,,,,,,,,,,,,,,
We,shall,have,no,obligation,to,refund,you,in,respect,of,any,airtime,credit,or,active,Bundle,on,your,Account,,,,,,,,,,,,,,,,,,,,,,,,,,,,,,,,,,,,,,,,,,,,,,,,,,,,,,,,,,,,,,,,,,,,,,,,,,,,,,
You,may,be,charged,to,receive,certain,premium,rate,text,messaging,services,and,multimedia,messaging,services,,,,,,,,,,,,,,,,,,,,,,,,,,,,,,,,,,,,,,,,,,,,,,,,,,,,,,,,,,,,,,,,,,,,,,,,,,,,,,,,,,
We,will,not,notify,you,of,charges,for,premium,rate,services,operated,by,third,parties,,,,,,,,,,,,,,,,,,,,,,,,,,,,,,,,,,,,,,,,,,,,,,,,,,,,,,,,,,,,,,,,,,,,,,,,,,,,,,,,,,,
We,have,no,obligation,to,refund,it,to,you,,,,,,,,,,,,,,,,,,,,,,,,,,,,,,,,,,,,,,,,,,,,,,,,,,,,,,,,,,,,,,,,,,,,,,,,,,,,,,,,,,,,,,,,,
Will,not,be,responsible,for,loss,damage,or,any,other,issues,arising,out,of,unauthorised,access,to,any,Participant’s,Account,,,,,,,,,,,,,,,,,,,,,,,,,,,,,,,,,,,,,,,,,,,,,,,,,,,,,,,,,,,,,,,,,,,,,,,,,,,,,,
Giffgaff,is,not,liable,for,any,loss,of,payment,,,,,,,,,,,,,,,,,,,,,,,,,,,,,,,,,,,,,,,,,,,,,,,,,,,,,,,,,,,,,,,,,,,,,,,,,,,,,,,,,,,,,,,,,
For,the,deletion,loss,or,corruption,of,any,Content,transmitted,or,maintained,by,the,Network,unless,caused,by,our,negligence,,,,,,,,,,,,,,,,,,,,,,,,,,,,,,,,,,,,,,,,,,,,,,,,,,,,,,,,,,,,,,,,,,,,,,,,,,,,,,
We,keep,information,while,you're,our,customer,and,after,you've,left,us,,,,,,,,,,,,,,,,,,,,,,,,,,,,,,,,,,,,,,,,,,,,,,,,,,,,,,,,,,,,,,,,,,,,,,,,,,,,,,,,,,,,,,
We,use,your,information,to,provide,you,with,the,products,and,services,you,have,selected,and,for,a,variety,of,other,reasons,,,,,,,,,,,,,,,,,,,,,,,,,,,,,,,,,,,,,,,,,,,,,,,,,,,,,,,,,,,,,,,,,,,,,,,,,,,,
From,3rd,parties,such,as,information,from,credit,reference,agencies,and,fraud,protection,agencies,,,,,,,,,,,,,,,,,,,,,,,,,,,,,,,,,,,,,,,,,,,,,,,,,,,,,,,,,,,,,,,,,,,,,,,,,,,,,,,,,,,,
There,may,be,circumstances,where,we,are,legally,entitled,to,retain,it,,,,,,,,,,,,,,,,,,,,,,,,,,,,,,,,,,,,,,,,,,,,,,,,,,,,,,,,,,,,,,,,,,,,,,,,,,,,,,,,,,,,,,
LycaMobile,,,,,,,,,,,,,,,,,,,,,,,,,,,,,,,,,,,,,,,,,,,,,,,,,,,,,,,,,,,,,,,,,,,,,,,,,,,,,,,,,,,,,,,,,,,,,,,,,
For,the,reasons,described,above,Lycamobile,does,not,warrant,or,guarantee,that,the,Services,will,be,uninterrupted,or,error,free,(in,terms,of,Network,availability,quality,or,coverage,in,all,locations,at,all,times,or,that,the,Services,will,be,suitable,for,your,specific,requirements,or,that,the,Services,will,be,completely,secure,against,unauthorised,interception,,,,,,,,,,,,,,,,,,,,,,,,,,,,,,,,,,,,,,,,,,
Lycamobile,is,not,responsible,for,damage,or,loss,or,inconvenience,incurred,by,you,and,that,results,from,the,content,of,any,voice,"call,",message,or,data,sent,or,received,by,you,,,,,,,,,,,,,,,,,,,,,,,,,,,,,,,,,,,,,,,,,,,,,,,,,,,,,,,,,,,,,,,,,,,
If,the,use,of,any,bundle,or,plan,that,includes,‘unlimited’,calls,or,texts,provided,as,part,of,the,service,exceeds,the,amount,reasonably,expected,of,a,person,using,the,service,for,personal,"purposes,",we,reserve,the,right,to,restrict,your ,service,,,,,,,,,,,,,,,,,,,,,,,,,,,,,,,,,,,,,,,,,,,,,,,,,,,,,,,,
Lycamobile,reserves,the,right,in,its,absolute,discretion,(and,without,prior,"notice),",to,restrict,or,prevent,access,to,certain,websites,and,services,over,its,"Network,",including,Voice,over,Internet,Protocol,(‘VoIP’),service,,,,,,,,,,,,,,,,,,,,,,,,,,,,,,,,,,,,,,,,,,,,,,,,,,,,,,,,,,,,,,,,,,
It,is,your,responsibility,to,ensure,you,return,the,device,with,original,"parts,","accessories,",free,gifts,and,the,original,packaging.,We,reserve,the,right,not,to,accept,returns,or,repairs,unless,this,process,has,been,followed,correctly.,In,the,case,where,you,will,pay,for,returning,the,device,yourself,we,recommend,upgrading,your,postage,to,include,insurance,since,we,will,take,no,responsibility,for,devices,which,are,damaged,in,transit,or,not,received,,,,,,,,,,,,,,,,,,,,,,,,,
We,may,have,to,share,your,personal,data,with,the,parties,set,out,,,,,,,,,,,,,,,,,,,,,,,,,,,,,,,,,,,,,,,,,,,,,,,,,,,,,,,,,,,,,,,,,,,,,,,,,,,,,,,,,,,,,
External,third,parties,who,provide,IT,technical,support,"services,",data,centre,services,and,call,centre,support,,,,,,,,,,,,,,,,,,,,,,,,,,,,,,,,,,,,,,,,,,,,,,,,,,,,,,,,,,,,,,,,,,,,,,,,,,,,,,,,,,
Regulators,and,judicial,authorities,who,require,reporting,of,processing,activities,in,certain,circumstances,,,,,,,,,,,,,,,,,,,,,,,,,,,,,,,,,,,,,,,,,,,,,,,,,,,,,,,,,,,,,,,,,,,,,,,,,,,,,,,,,,,,,
Some,of,our,service,providers,are,based,outside,the,European,Economic,Area,(EEA),so,their,processing,of,your,personal,data,will,involve,a,transfer,of,data,outside,the,EEA,,,,,,,,,,,,,,,,,,,,,,,,,,,,,,,,,,,,,,,,,,,,,,,,,,,,,,,,,,,,,,,,,,,,,
In,some,circumstances,we,may,anonymise,your,personal,data,(so,that,it,can,no,longer,be,associated,with,you),for,research,or,statistical,purposes,in,which,"case,",we,may,use,this,information,indefinitely,without,further,notice,to,you,,,,,,,,,,,,,,,,,,,,,,,,,,,,,,,,,,,,,,,,,,,,,,,,,,,,,,,,,,,,
O2 Privacy Policy. ,,,,,,,,,,,,,,,,,,,,,,,,,,,,,,,,,,,,,,,,,,,,,,,,,,,,,,,,,,,,,,,,,,,,,,,,,,,,,,,,,,,,,,,,,,,,,,,,,
Your,debit,or,credit,card,details,bank,details,and,other,payment,information.,,,,,,,,,,,,,,,,,,,,,,,,,,,,,,,,,,,,,,,,,,,,,,,,,,,,,,,,,,,,,,,,,,,,,,,,,,,,,,,,,,,,,,
If,you're,using,some,of,our,apps,like,Priority,or,apps,connected,to,O2,Drive,"we,",or,our,partners,might,collect,some,of,your,GPS,location,information,,,,,,,,,,,,,,,,,,,,,,,,,,,,,,,,,,,,,,,,,,,,,,,,,,,,,,,,,,,,,,,,,,,,,,,
Sign,up,for,an,insurance,product,that,means,we,need,you,to,provide,sensitive,personal,"data,",including,any,medical,or,criminal,record,"information,",about,you,or,a,third,party,,,,,,,,,,,,,,,,,,,,,,,,,,,,,,,,,,,,,,,,,,,,,,,,,,,,,,,,,,,,,,,,,,,,,
If,you,take,part,in,market,research,for,us,we,will,also,collect,information,from,third,party,website,or,social,media,you,access,from,our,"Sites,",in,accordance,with,the,privacy,policies,of,those,respective,websites,and,social,media,,,,,,,,,,,,,,,,,,,,,,,,,,,,,,,,,,,,,,,,,,,,,,,,,,,,,,,,,,,
And,if,the,law,allows,it,look,at,information,about,you,including,the,calls,you,"make,",your,"spending,",what,you,use,the,internet,for,and,where,you,are,when,you,do,it,,,,,,,,,,,,,,,,,,,,,,,,,,,,,,,,,,,,,,,,,,,,,,,,,,,,,,,,,,,,,,,,,,
In,connection,with,the,purposes,described,"above,",we,may,share,your,information,and,the,information,of,any,third,parties,you,have,included,in,an,application,for,and,performance,of,an,O2,insurance,product,or,service,with,others,,,,,,,,,,,,,,,,,,,,,,,,,,,,,,,,,,,,,,,,,,,,,,,,,,,,,,,,,,,,,
We,exchange,information,with,credit,reference,agencies,on,payment,performance,and,your,financial,situation,on,an,ongoing,basis,and,this,information,could,be,used,by,us,and,third,parties,to,make,future,credit,assessment,decisions.,,,,,,,,,,,,,,,,,,,,,,,,,,,,,,,,,,,,,,,,,,,,,,,,,,,,,,,,,,,,,,,
If,you,give,us,personal,information,that's,wrong,or,we,find,out,or,think,you're,responsible,for,fraud.,In,these,circumstances,we,might,share,your,information,with,third,parties,such,as,law,enforcement,agencies,credit,reference,agencies,and,other,affected,third,parties.,,,,,,,,,,,,,,,,,,,,,,,,,,,,,,,,,,,,,,,,,,,,,,,,,,,,,,,,
The,type,of,information,we,have,will,also,include,information,like,user,"ID,",your,"birthday,",shopping,"habits,",household,"income,",family,composition,online,user,activity,lifestyle,preferences,and,"information,","photographs,",profile,"pictures,",your,likes,and,your,social,media,content,you,post,as,well,as,the,results,of,any,surveys,in,which,you,take,part,on,personality,values,attitudes,and,lifestyle,,,,,,,,,,,,,,,,,,,,,,,,,,,,,,,,,,,,,,,
details,of,the,web,pages,and,advertisements,you,have,viewed,and,the,other,apps,you,use,on,your,mobile,device,your,IP,address,&,log,on,time,,,,,,,,,,,,,,,,,,,,,,,,,,,,,,,,,,,,,,,,,,,,,,,,,,,,,,,,,,,,,,,,,,,,,,,
your,physical,location,via,geolocation,techniques,,,,,,,,,,,,,,,,,,,,,,,,,,,,,,,,,,,,,,,,,,,,,,,,,,,,,,,,,,,,,,,,,,,,,,,,,,,,,,,,,,,,,,,,,,,,
details,from,social,networking,sites,where,you,have,linked,your,social,networking,site,to,your,Trail,Blazers,account,,,,,,,,,,,,,,,,,,,,,,,,,,,,,,,,,,,,,,,,,,,,,,,,,,,,,,,,,,,,,,,,,,,,,,,,,,,,,,,,
the,websites,you,visited,before,arriving,at,our,site,,,,,,,,,,,,,,,,,,,,,,,,,,,,,,,,,,,,,,,,,,,,,,,,,,,,,,,,,,,,,,,,,,,,,,,,,,,,,,,,,,,,,,,,,
We,might,give,your,information,to,other,companies,based,outside,the,EEA.,,,,,,,,,,,,,,,,,,,,,,,,,,,,,,,,,,,,,,,,,,,,,,,,,,,,,,,,,,,,,,,,,,,,,,,,,,,,,,,,,,,,,,
The,recipient,company,might,have,signed,up,a,contract,obliging,them,to,protect,your,information,,,,,,,,,,,,,,,,,,,,,,,,,,,,,,,,,,,,,,,,,,,,,,,,,,,,,,,,,,,,,,,,,,,,,,,,,,,,,,,,,,,
We,might,give,your,information,to,other,companies,based,outside,the,EEA.,,,,,,,,,,,,,,,,,,,,,,,,,,,,,,,,,,,,,,,,,,,,,,,,,,,,,,,,,,,,,,,,,,,,,,,,,,,,,,,,,,,,,,
The,country,that,we,send,the,data,to,might,be,approved,by,the,European,Commission,,,,,,,,,,,,,,,,,,,,,,,,,,,,,,,,,,,,,,,,,,,,,,,,,,,,,,,,,,,,,,,,,,,,,,,,,,,,,,,,,,,
Tesco Policy ,,,,,,,,,,,,,,,,,,,,,,,,,,,,,,,,,,,,,,,,,,,,,,,,,,,,,,,,,,,,,,,,,,,,,,,,,,,,,,,,,,,,,,,,,,,,,,,,,
These,cookies,collect,information,about,your,browsing,habits,in,order,to,make,advertising,relevant,to,you,and,your,interests.,,,,,,,,,,,,,,,,,,,,,,,,,,,,,,,,,,,,,,,,,,,,,,,,,,,,,,,,,,,,,,,,,,,,,,,,,,,,,,,
We,will,never,disclose,your,information,to,anyone,outside,the,Tesco,Group,except,where,we,have,your,consent;,where,we,are,required,or,permitted,to,do,so,by,law;,to,other,companies,who,provide,a,service,to,us;,to,Tesco,Partners,who,sell,products,on,the,Tesco,direct,Website,each,a,Tesco,Partner,or,any,successors,in,title,to,our,business.,,,,,,,,,,,,,,,,,,,,,,,,,,,,,,,,,,,,,
Information,about,your,online,browsing,behaviour,on,our,Websites,and,Mobile,Apps,and,information,about,when,you,click,on,one,of,our,adverts,including,those,shown,on,other,organisations,websites,,,,,,,,,,,,,,,,,,,,,,,,,,,,,,,,,,,,,,,,,,,,,,,,,,,,,,,,,,,,,,,,,,,,
Information,about,any,devices,you,have,used,to,access,our,Services,,,,,,,,,,,,,,,,,,,,,,,,,,,,,,,,,,,,,,,,,,,,,,,,,,,,,,,,,,,,,,,,,,,,,,,,,,,,,,,,,,,,,,,
Personal,data,you,provide,about,yourself,anytime,you,contact,us,about,our,Services,for,example,your,"name,",username,and,contact,details,including,by,phone,email,or,post,or,when,you,speak,with,us,through,social,media,,,,,,,,,,,,,,,,,,,,,,,,,,,,,,,,,,,,,,,,,,,,,,,,,,,,,,,,,,,,,,
Tesco,Bank,may,look,at,your,Clubcard,data,in,different,ways,to,help understand,more,about,you,we,call,this,profiling,,,,,,,,,,,,,,,,,,,,,,,,,,,,,,,,,,,,,,,,,,,,,,,,,,,,,,,,,,,,,,,,,,,,,,,,,,,,,,
We,make,Clubcard,information,including,information,about,purchases,when,you,use,your,Clubcard,and,information,about,your,online,behaviour,we,have,collected,through,cookies,available,to,Tesco,Bank.,,,,,,,,,,,,,,,,,,,,,,,,,,,,,,,,,,,,,,,,,,,,,,,,,,,,,,,,,,,,,,,,,,,,,,
Virgin Media Policy ,,,,,,,,,,,,,,,,,,,,,,,,,,,,,,,,,,,,,,,,,,,,,,,,,,,,,,,,,,,,,,,,,,,,,,,,,,,,,,,,,,,,,,,,,,,,,,,,,
We,also,collect,information,about,you,from,third,parties,,,,,,,,,,,,,,,,,,,,,,,,,,,,,,,,,,,,,,,,,,,,,,,,,,,,,,,,,,,,,,,,,,,,,,,,,,,,,,,,,,,,,,,,,
When,you,apply,for,and/or,purchase,our,products,or,"services,",create,an,online,account,or,contact,us,with,queries,we’ll,ask,you,to,give,us,where,necessary,your,generic,details,ie,name,surname,date,of,birth,your,contact,details,ie,address,email,phone,number,your,financial,details,,bank,account,payment,method,credit,card,number,,,,,,,,,,,,,,,,,,,,,,,,,,,,,,,,,,,,,,,,,,,
When,you,visit,this,"website,",we,use,cookies,which,are,stored,on,your,devices,,your,laptop,mobile,phone,tablet,etc,to,collect,information,about,your,use,of,our,online,services,,,,,,,,,,,,,,,,,,,,,,,,,,,,,,,,,,,,,,,,,,,,,,,,,,,,,,,,,,,,,,,,,,,
Billing,data,(your,financial,"details,",bills,and,its,components,which,may,be,used,to,validate,your,state,of,residence,is,the,"UK,",for,the,purposes,of,providing,you,with,access,to,UK-only,online,content,while,you,are,temporarily,visiting,another,EU,member,state,,,,,,,,,,,,,,,,,,,,,,,,,,,,,,,,,,,,,,,,,,,,,,,,,,,,,,,
Information,we,get,from,reporting,agencies,such,as,credit,reference,agencies.,They,give,us,information,about,your,financial,history,so,we,can,assess,creditworthiness,and,product,suitability,check,your,identity,manage,your,account,trace,and,recover,debts,and,prevent,criminal,activity,We,continue,to,exchange,information,about,you,with,credit,reference,agencies,on,an,ongoing,basis,including,about,your,settled,accounts,and,any,debts,not,fully,repaid,on,time., Credit,reference,agencies,will,share,your,information,with,other,organisations.,Your,data,will,also,be,linked,to,the,data,of,your,"spouse,",any,joint,applicants,or,other,financial,associates
"Additionally,",details,of,how,you,conduct,your,account,with,us,may,also,be,disclosed,to,the,credit,reference,agency,This,information,may,be,used,by,other,organisations,in,assessing,applications,from,you,and,members,of,your,household,,,,,,,,,,,,,,,,,,,,,,,,,,,,,,,,,,,,,,,,,,,,,,,,,,,,,,,,,,,,,
Our,service,providers,in,order,for,us,to,provide,our,services,to,"you,",for,example,if,you,use,the,Voice,Search,functionality,on,your,Virgin,TV,Go,application,we,may,share,your,audio,files,with,our,provider,in,the,United,States,for,storage,and,processing,,,,,,,,,,,,,,,,,,,,,,,,,,,,,,,,,,,,,,,,,,,,,,,,,,,,,
If,you,use,Direct,Debits,we,share,your,data,with,the,Direct,Debit,scheme,,,,,,,,,,,,,,,,,,,,,,,,,,,,,,,,,,,,,,,,,,,,,,,,,,,,,,,,,,,,,,,,,,,,,,,,,,,,,,,,,,,,
We,do,share,your,personal,data,with,some,companies,that,are,based,outside,the,European,Economic,Area,such,as,India,and,Philippines,,,,,,,,,,,,,,,,,,,,,,,,,,,,,,,,,,,,,,,,,,,,,,,,,,,,,,,,,,,,,,,,,,,,,,,,,,,,
Virgin,Media,cannot,guarantee,the,safety,of,any,personal,information,you,transmit,to,us,using,online,methods.,,,,,,,,,,,,,,,,,,,,,,,,,,,,,,,,,,,,,,,,,,,,,,,,,,,,,,,,,,,,,,,,,,,,,,,,,,,,,,,,,
Unless,you,ask,us,not,"to,",we,store,your,generic,details,ie,name,surname,contact,details),for,up,to,two,years,after,you,stop,being,our,customer,to,contact,you,just,in,case,you,change,your,mind,,,,,,,,,,,,,,,,,,,,,,,,,,,,,,,,,,,,,,,,,,,,,,,,,,,,,,,,,,,,,
We,keep,your,billing,data,for,7,years,for,tax,purposes.,,,,,,,,,,,,,,,,,,,,,,,,,,,,,,,,,,,,,,,,,,,,,,,,,,,,,,,,,,,,,,,,,,,,,,,,,,,,,,,,,,,,,,,
This,is,not,a,general,right,to,erasure;,there,are,exceptions,,,,,,,,,,,,,,,,,,,,,,,,,,,,,,,,,,,,,,,,,,,,,,,,,,,,,,,,,,,,,,,,,,,,,,,,,,,,,,,,,,,,,,,
We,sometimes,make,automated,decisions,based,on,personal,information,you,supplied,or,we’ve,collected,from,others,about,you,,,,,,,,,,,,,,,,,,,,,,,,,,,,,,,,,,,,,,,,,,,,,,,,,,,,,,,,,,,,,,,,,,,,,,,,,,,,,,,,
Three Privacy Policy,,,,,,,,,,,,,,,,,,,,,,,,,,,,,,,,,,,,,,,,,,,,,,,,,,,,,,,,,,,,,,,,,,,,,,,,,,,,,,,,,,,,,,,,,,,,,,,,,
Your,personal,information,may,be,used,by,us,our,employees,service,providers,and,disclosed,to,third,parties,for,the,following,purposes,,,,,,,,,,,,,,,,,,,,,,,,,,,,,,,,,,,,,,,,,,,,,,,,,,,,,,,,,,,,,,,,,,,,,,,,,,,,,
We,may,be,required,to,obtain,your,personal,information,to,comply,with,our,legal,requirements,to,enable,us,to,fulfil,the,terms,of,our,contract,with,you,or,in,preparation,of,us,entering,into,a,contract,with,you,,,,,,,,,,,,,,,,,,,,,,,,,,,,,,,,,,,,,,,,,,,,,,,,,,,,,,,,,,,,
If,you,use,Three,"Services,",we,may,hold,your,Communications,Data,for,12,months,for,legitimate,business,purposes,,,,,,,,,,,,,,,,,,,,,,,,,,,,,,,,,,,,,,,,,,,,,,,,,,,,,,,,,,,,,,,,,,,,,,,,,,,,,,,,
We,will,keep,your,personal,information,for,as,long,as,necessary,for,the,purposes,for,which,it,was,collected,,,,,,,,,,,,,,,,,,,,,,,,,,,,,,,,,,,,,,,,,,,,,,,,,,,,,,,,,,,,,,,,,,,,,,,,,,,,,,,
if,we,are,under,a,duty,to,disclose,or,share,your,personal,information,in,order,to,comply,with,any,legal,obligation,,,,,,,,,,,,,,,,,,,,,,,,,,,,,,,,,,,,,,,,,,,,,,,,,,,,,,,,,,,,,,,,,,,,,,,,,,,,,
the,IP,address,from,which,you,access,this,website,,,,,,,,,,,,,,,,,,,,,,,,,,,,,,,,,,,,,,,,,,,,,,,,,,,,,,,,,,,,,,,,,,,,,,,,,,,,,,,,,,,,,,,,,
